source_index,pair_index,fold,noise_condition,preprocess_config,target_label,predicted_label,decision_score,target_provenance,baseline_decision_score,score_delta,absolute_score_delta
138363,2,0,clean,none,1,0,-0.7331938409077404,positive_audit_confirmed,-0.7331938409077404,0.0,0.0
201136,0,0,clean,none,1,0,-0.8715108725527422,positive_audit_confirmed,-0.8715108725527422,0.0,0.0
242108,0,0,clean,none,1,0,-0.8835609137871491,positive_audit_confirmed,-0.8835609137871491,0.0,0.0
453673,0,0,clean,none,1,0,-0.9225436341463731,positive_audit_confirmed,-0.9225436341463731,0.0,0.0
481569,0,0,clean,none,1,0,-0.8142669484152394,positive_audit_confirmed,-0.8142669484152394,0.0,0.0
788930,0,0,clean,none,1,0,-0.9931336904676423,positive_audit_confirmed,-0.9931336904676423,0.0,0.0
138363,2,0,clean,minimal,1,0,-0.7331938409077404,positive_audit_confirmed,-0.7331938409077404,0.0,0.0
201136,0,0,clean,minimal,1,0,-0.8715108725527422,positive_audit_confirmed,-0.8715108725527422,0.0,0.0
242108,0,0,clean,minimal,1,0,-0.8835609137871491,positive_audit_confirmed,-0.8835609137871491,0.0,0.0
453673,0,0,clean,minimal,1,0,-0.9225436341463731,positive_audit_confirmed,-0.9225436341463731,0.0,0.0
481569,0,0,clean,minimal,1,0,-0.8142669484152394,positive_audit_confirmed,-0.8142669484152394,0.0,0.0
788930,0,0,clean,minimal,1,0,-0.9931336904676423,positive_audit_confirmed,-0.9931336904676423,0.0,0.0
138363,2,0,clean,noise_aware,1,0,-0.7331938409077404,positive_audit_confirmed,-0.7331938409077404,0.0,0.0
201136,0,0,clean,noise_aware,1,0,-0.8715108725527422,positive_audit_confirmed,-0.8715108725527422,0.0,0.0
242108,0,0,clean,noise_aware,1,0,-0.8835609137871491,positive_audit_confirmed,-0.8835609137871491,0.0,0.0
453673,0,0,clean,noise_aware,1,0,-0.9225436341463731,positive_audit_confirmed,-0.9225436341463731,0.0,0.0
481569,0,0,clean,noise_aware,1,0,-0.8142669484152394,positive_audit_confirmed,-0.8142669484152394,0.0,0.0
788930,0,0,clean,noise_aware,1,0,-0.9931336904676423,positive_audit_confirmed,-0.9931336904676423,0.0,0.0
138363,2,0,clean,aggressive,1,0,-0.9818950333253045,positive_audit_confirmed,-0.7331938409077404,-0.24870119241756405,0.24870119241756405
201136,0,0,clean,aggressive,1,0,-1.0011098836787582,positive_audit_confirmed,-0.8715108725527422,-0.12959901112601602,0.12959901112601602
242108,0,0,clean,aggressive,1,0,-1.0129957504918146,positive_audit_confirmed,-0.8835609137871491,-0.1294348367046655,0.1294348367046655
453673,0,0,clean,aggressive,1,0,-1.0073091366842442,positive_audit_confirmed,-0.9225436341463731,-0.08476550253787107,0.08476550253787107
481569,0,0,clean,aggressive,1,0,-0.97343986580301,positive_audit_confirmed,-0.8142669484152394,-0.15917291738777062,0.15917291738777062
788930,0,0,clean,aggressive,1,0,-1.1329036166356934,positive_audit_confirmed,-0.9931336904676423,-0.13976992616805106,0.13976992616805106
138363,2,0,casing,none,1,0,-0.7331938409077404,positive_audit_confirmed,-0.7331938409077404,0.0,0.0
201136,0,0,casing,none,1,0,-0.8715108725527422,positive_audit_confirmed,-0.8715108725527422,0.0,0.0
242108,0,0,casing,none,1,0,-0.8835609137871491,positive_audit_confirmed,-0.8835609137871491,0.0,0.0
453673,0,0,casing,none,1,0,-0.9225436341463731,positive_audit_confirmed,-0.9225436341463731,0.0,0.0
481569,0,0,casing,none,1,0,-0.8142669484152394,positive_audit_confirmed,-0.8142669484152394,0.0,0.0
788930,0,0,casing,none,1,0,-0.9931336904676423,positive_audit_confirmed,-0.9931336904676423,0.0,0.0
138363,2,0,casing,minimal,1,0,-0.7331938409077404,positive_audit_confirmed,-0.7331938409077404,0.0,0.0
201136,0,0,casing,minimal,1,0,-0.8715108725527422,positive_audit_confirmed,-0.8715108725527422,0.0,0.0
242108,0,0,casing,minimal,1,0,-0.8835609137871491,positive_audit_confirmed,-0.8835609137871491,0.0,0.0
453673,0,0,casing,minimal,1,0,-0.9225436341463731,positive_audit_confirmed,-0.9225436341463731,0.0,0.0
481569,0,0,casing,minimal,1,0,-0.8142669484152394,positive_audit_confirmed,-0.8142669484152394,0.0,0.0
788930,0,0,casing,minimal,1,0,-0.9931336904676423,positive_audit_confirmed,-0.9931336904676423,0.0,0.0
138363,2,0,casing,noise_aware,1,0,-0.7331938409077404,positive_audit_confirmed,-0.7331938409077404,0.0,0.0
201136,0,0,casing,noise_aware,1,0,-0.8715108725527422,positive_audit_confirmed,-0.8715108725527422,0.0,0.0
242108,0,0,casing,noise_aware,1,0,-0.8835609137871491,positive_audit_confirmed,-0.8835609137871491,0.0,0.0
453673,0,0,casing,noise_aware,1,0,-0.9225436341463731,positive_audit_confirmed,-0.9225436341463731,0.0,0.0
481569,0,0,casing,noise_aware,1,0,-0.8142669484152394,positive_audit_confirmed,-0.8142669484152394,0.0,0.0
788930,0,0,casing,noise_aware,1,0,-0.9931336904676423,positive_audit_confirmed,-0.9931336904676423,0.0,0.0
138363,2,0,casing,aggressive,1,0,-0.9818950333253045,positive_audit_confirmed,-0.7331938409077404,-0.24870119241756405,0.24870119241756405
201136,0,0,casing,aggressive,1,0,-1.0011098836787582,positive_audit_confirmed,-0.8715108725527422,-0.12959901112601602,0.12959901112601602
242108,0,0,casing,aggressive,1,0,-1.0129957504918146,positive_audit_confirmed,-0.8835609137871491,-0.1294348367046655,0.1294348367046655
453673,0,0,casing,aggressive,1,0,-1.0073091366842442,positive_audit_confirmed,-0.9225436341463731,-0.08476550253787107,0.08476550253787107
481569,0,0,casing,aggressive,1,0,-0.97343986580301,positive_audit_confirmed,-0.8142669484152394,-0.15917291738777062,0.15917291738777062
788930,0,0,casing,aggressive,1,0,-1.1329036166356934,positive_audit_confirmed,-0.9931336904676423,-0.13976992616805106,0.13976992616805106
138363,2,0,punctuation,none,1,0,-0.7331938409077404,positive_audit_confirmed,-0.7331938409077404,0.0,0.0
201136,0,0,punctuation,none,1,0,-0.8715108725527422,positive_audit_confirmed,-0.8715108725527422,0.0,0.0
242108,0,0,punctuation,none,1,0,-0.8835609137871491,positive_audit_confirmed,-0.8835609137871491,0.0,0.0
453673,0,0,punctuation,none,1,0,-0.9225436341463731,positive_audit_confirmed,-0.9225436341463731,0.0,0.0
481569,0,0,punctuation,none,1,0,-0.8142669484152394,positive_audit_confirmed,-0.8142669484152394,0.0,0.0
788930,0,0,punctuation,none,1,0,-0.9931336904676423,positive_audit_confirmed,-0.9931336904676423,0.0,0.0
138363,2,0,punctuation,minimal,1,0,-0.7331938409077404,positive_audit_confirmed,-0.7331938409077404,0.0,0.0
201136,0,0,punctuation,minimal,1,0,-0.8715108725527422,positive_audit_confirmed,-0.8715108725527422,0.0,0.0
242108,0,0,punctuation,minimal,1,0,-0.8835609137871491,positive_audit_confirmed,-0.8835609137871491,0.0,0.0
453673,0,0,punctuation,minimal,1,0,-0.9225436341463731,positive_audit_confirmed,-0.9225436341463731,0.0,0.0
481569,0,0,punctuation,minimal,1,0,-0.8142669484152394,positive_audit_confirmed,-0.8142669484152394,0.0,0.0
788930,0,0,punctuation,minimal,1,0,-0.9931336904676423,positive_audit_confirmed,-0.9931336904676423,0.0,0.0
138363,2,0,punctuation,noise_aware,1,0,-0.7331938409077404,positive_audit_confirmed,-0.7331938409077404,0.0,0.0
201136,0,0,punctuation,noise_aware,1,0,-0.8715108725527422,positive_audit_confirmed,-0.8715108725527422,0.0,0.0
242108,0,0,punctuation,noise_aware,1,0,-0.8835609137871491,positive_audit_confirmed,-0.8835609137871491,0.0,0.0
453673,0,0,punctuation,noise_aware,1,0,-0.9225436341463731,positive_audit_confirmed,-0.9225436341463731,0.0,0.0
481569,0,0,punctuation,noise_aware,1,0,-0.8142669484152394,positive_audit_confirmed,-0.8142669484152394,0.0,0.0
788930,0,0,punctuation,noise_aware,1,0,-0.9931336904676423,positive_audit_confirmed,-0.9931336904676423,0.0,0.0
138363,2,0,punctuation,aggressive,1,0,-0.9818950333253045,positive_audit_confirmed,-0.7331938409077404,-0.24870119241756405,0.24870119241756405
201136,0,0,punctuation,aggressive,1,0,-1.0011098836787582,positive_audit_confirmed,-0.8715108725527422,-0.12959901112601602,0.12959901112601602
242108,0,0,punctuation,aggressive,1,0,-1.0129957504918146,positive_audit_confirmed,-0.8835609137871491,-0.1294348367046655,0.1294348367046655
453673,0,0,punctuation,aggressive,1,0,-1.0073091366842442,positive_audit_confirmed,-0.9225436341463731,-0.08476550253787107,0.08476550253787107
481569,0,0,punctuation,aggressive,1,0,-0.97343986580301,positive_audit_confirmed,-0.8142669484152394,-0.15917291738777062,0.15917291738777062
788930,0,0,punctuation,aggressive,1,0,-1.1329036166356934,positive_audit_confirmed,-0.9931336904676423,-0.13976992616805106,0.13976992616805106
138363,2,0,whitespace,none,1,0,-0.815973492612537,positive_audit_confirmed,-0.7331938409077404,-0.08277965170479662,0.08277965170479662
201136,0,0,whitespace,none,1,0,-0.8651516713210792,positive_audit_confirmed,-0.8715108725527422,0.006359201231663003,0.006359201231663003
242108,0,0,whitespace,none,1,0,-0.9019406973382612,positive_audit_confirmed,-0.8835609137871491,-0.01837978355111214,0.01837978355111214
453673,0,0,whitespace,none,1,0,-0.904989342156019,positive_audit_confirmed,-0.9225436341463731,0.017554291990354076,0.017554291990354076
481569,0,0,whitespace,none,1,0,-0.7908475964890465,positive_audit_confirmed,-0.8142669484152394,0.023419351926192933,0.023419351926192933
788930,0,0,whitespace,none,1,0,-0.964050186582207,positive_audit_confirmed,-0.9931336904676423,0.029083503885435347,0.029083503885435347
138363,2,0,whitespace,minimal,1,0,-0.815973492612537,positive_audit_confirmed,-0.7331938409077404,-0.08277965170479662,0.08277965170479662
201136,0,0,whitespace,minimal,1,0,-0.8651516713210792,positive_audit_confirmed,-0.8715108725527422,0.006359201231663003,0.006359201231663003
242108,0,0,whitespace,minimal,1,0,-0.9019406973382612,positive_audit_confirmed,-0.8835609137871491,-0.01837978355111214,0.01837978355111214
453673,0,0,whitespace,minimal,1,0,-0.904989342156019,positive_audit_confirmed,-0.9225436341463731,0.017554291990354076,0.017554291990354076
481569,0,0,whitespace,minimal,1,0,-0.7908475964890465,positive_audit_confirmed,-0.8142669484152394,0.023419351926192933,0.023419351926192933
788930,0,0,whitespace,minimal,1,0,-0.964050186582207,positive_audit_confirmed,-0.9931336904676423,0.029083503885435347,0.029083503885435347
138363,2,0,whitespace,noise_aware,1,0,-0.815973492612537,positive_audit_confirmed,-0.7331938409077404,-0.08277965170479662,0.08277965170479662
201136,0,0,whitespace,noise_aware,1,0,-0.8651516713210792,positive_audit_confirmed,-0.8715108725527422,0.006359201231663003,0.006359201231663003
242108,0,0,whitespace,noise_aware,1,0,-0.9019406973382612,positive_audit_confirmed,-0.8835609137871491,-0.01837978355111214,0.01837978355111214
453673,0,0,whitespace,noise_aware,1,0,-0.904989342156019,positive_audit_confirmed,-0.9225436341463731,0.017554291990354076,0.017554291990354076
481569,0,0,whitespace,noise_aware,1,0,-0.7908475964890465,positive_audit_confirmed,-0.8142669484152394,0.023419351926192933,0.023419351926192933
788930,0,0,whitespace,noise_aware,1,0,-0.964050186582207,positive_audit_confirmed,-0.9931336904676423,0.029083503885435347,0.029083503885435347
138363,2,0,whitespace,aggressive,1,0,-0.9795020145776624,positive_audit_confirmed,-0.7331938409077404,-0.24630817366992197,0.24630817366992197
201136,0,0,whitespace,aggressive,1,0,-1.008316938179413,positive_audit_confirmed,-0.8715108725527422,-0.13680606562667086,0.13680606562667086
242108,0,0,whitespace,aggressive,1,0,-1.0102836167898204,positive_audit_confirmed,-0.8835609137871491,-0.1267227030026713,0.1267227030026713
453673,0,0,whitespace,aggressive,1,0,-1.0233839530014799,positive_audit_confirmed,-0.9225436341463731,-0.1008403188551068,0.1008403188551068
481569,0,0,whitespace,aggressive,1,0,-0.9940153486244855,positive_audit_confirmed,-0.8142669484152394,-0.1797484002092461,0.1797484002092461
788930,0,0,whitespace,aggressive,1,0,-1.1386136836278937,positive_audit_confirmed,-0.9931336904676423,-0.1454799931602514,0.1454799931602514
138363,2,0,typo,none,1,0,-0.7375020622339838,positive_audit_confirmed,-0.7331938409077404,-0.004308221326243422,0.004308221326243422
201136,0,0,typo,none,1,0,-0.8736722261816015,positive_audit_confirmed,-0.8715108725527422,-0.002161353628859275,0.002161353628859275
242108,0,0,typo,none,1,0,-0.8809346536951433,positive_audit_confirmed,-0.8835609137871491,0.0026262600920057277,0.0026262600920057277
453673,0,0,typo,none,1,0,-0.921116076283703,positive_audit_confirmed,-0.9225436341463731,0.0014275578626701257,0.0014275578626701257
481569,0,0,typo,none,1,0,-0.8071597392649404,positive_audit_confirmed,-0.8142669484152394,0.007107209150298943,0.007107209150298943
788930,0,0,typo,none,1,0,-0.9876493282208981,positive_audit_confirmed,-0.9931336904676423,0.005484362246744201,0.005484362246744201
138363,2,0,typo,minimal,1,0,-0.7375020622339838,positive_audit_confirmed,-0.7331938409077404,-0.004308221326243422,0.004308221326243422
201136,0,0,typo,minimal,1,0,-0.8736722261816015,positive_audit_confirmed,-0.8715108725527422,-0.002161353628859275,0.002161353628859275
242108,0,0,typo,minimal,1,0,-0.8809346536951433,positive_audit_confirmed,-0.8835609137871491,0.0026262600920057277,0.0026262600920057277
453673,0,0,typo,minimal,1,0,-0.921116076283703,positive_audit_confirmed,-0.9225436341463731,0.0014275578626701257,0.0014275578626701257
481569,0,0,typo,minimal,1,0,-0.8071597392649404,positive_audit_confirmed,-0.8142669484152394,0.007107209150298943,0.007107209150298943
788930,0,0,typo,minimal,1,0,-0.9876493282208981,positive_audit_confirmed,-0.9931336904676423,0.005484362246744201,0.005484362246744201
138363,2,0,typo,noise_aware,1,0,-0.7375020622339838,positive_audit_confirmed,-0.7331938409077404,-0.004308221326243422,0.004308221326243422
201136,0,0,typo,noise_aware,1,0,-0.8736722261816015,positive_audit_confirmed,-0.8715108725527422,-0.002161353628859275,0.002161353628859275
242108,0,0,typo,noise_aware,1,0,-0.8809346536951433,positive_audit_confirmed,-0.8835609137871491,0.0026262600920057277,0.0026262600920057277
453673,0,0,typo,noise_aware,1,0,-0.921116076283703,positive_audit_confirmed,-0.9225436341463731,0.0014275578626701257,0.0014275578626701257
481569,0,0,typo,noise_aware,1,0,-0.8071597392649404,positive_audit_confirmed,-0.8142669484152394,0.007107209150298943,0.007107209150298943
788930,0,0,typo,noise_aware,1,0,-0.9876493282208981,positive_audit_confirmed,-0.9931336904676423,0.005484362246744201,0.005484362246744201
138363,2,0,typo,aggressive,1,0,-0.981093562543795,positive_audit_confirmed,-0.7331938409077404,-0.24789972163605456,0.24789972163605456
201136,0,0,typo,aggressive,1,0,-1.01206471642697,positive_audit_confirmed,-0.8715108725527422,-0.14055384387422787,0.14055384387422787
242108,0,0,typo,aggressive,1,0,-1.0128127993330505,positive_audit_confirmed,-0.8835609137871491,-0.1292518855459014,0.1292518855459014
453673,0,0,typo,aggressive,1,0,-1.0062887619926475,positive_audit_confirmed,-0.9225436341463731,-0.08374512784627441,0.08374512784627441
481569,0,0,typo,aggressive,1,0,-0.9703852470146044,positive_audit_confirmed,-0.8142669484152394,-0.156118298599365,0.156118298599365
788930,0,0,typo,aggressive,1,0,-1.135288115231068,positive_audit_confirmed,-0.9931336904676423,-0.14215442476342577,0.14215442476342577
138363,2,0,word_deletion,none,1,0,-0.7414894033424022,positive_audit_confirmed,-0.7331938409077404,-0.008295562434661785,0.008295562434661785
201136,0,0,word_deletion,none,1,0,-0.8644869239390464,positive_audit_confirmed,-0.8715108725527422,0.0070239486136958185,0.0070239486136958185
242108,0,0,word_deletion,none,1,0,-0.8781325703226385,positive_audit_confirmed,-0.8835609137871491,0.005428343464510599,0.005428343464510599
453673,0,0,word_deletion,none,1,0,-0.9116787304925374,positive_audit_confirmed,-0.9225436341463731,0.010864903653835634,0.010864903653835634
481569,0,0,word_deletion,none,1,0,-0.811897620482267,positive_audit_confirmed,-0.8142669484152394,0.002369327932972398,0.002369327932972398
788930,0,0,word_deletion,none,1,0,-1.0108911306182078,positive_audit_confirmed,-0.9931336904676423,-0.017757440150565462,0.017757440150565462
138363,2,0,word_deletion,minimal,1,0,-0.7414894033424022,positive_audit_confirmed,-0.7331938409077404,-0.008295562434661785,0.008295562434661785
201136,0,0,word_deletion,minimal,1,0,-0.8644869239390464,positive_audit_confirmed,-0.8715108725527422,0.0070239486136958185,0.0070239486136958185
242108,0,0,word_deletion,minimal,1,0,-0.8781325703226385,positive_audit_confirmed,-0.8835609137871491,0.005428343464510599,0.005428343464510599
453673,0,0,word_deletion,minimal,1,0,-0.9116787304925374,positive_audit_confirmed,-0.9225436341463731,0.010864903653835634,0.010864903653835634
481569,0,0,word_deletion,minimal,1,0,-0.811897620482267,positive_audit_confirmed,-0.8142669484152394,0.002369327932972398,0.002369327932972398
788930,0,0,word_deletion,minimal,1,0,-1.0108911306182078,positive_audit_confirmed,-0.9931336904676423,-0.017757440150565462,0.017757440150565462
138363,2,0,word_deletion,noise_aware,1,0,-0.7414894033424022,positive_audit_confirmed,-0.7331938409077404,-0.008295562434661785,0.008295562434661785
201136,0,0,word_deletion,noise_aware,1,0,-0.8644869239390464,positive_audit_confirmed,-0.8715108725527422,0.0070239486136958185,0.0070239486136958185
242108,0,0,word_deletion,noise_aware,1,0,-0.8781325703226385,positive_audit_confirmed,-0.8835609137871491,0.005428343464510599,0.005428343464510599
453673,0,0,word_deletion,noise_aware,1,0,-0.9116787304925374,positive_audit_confirmed,-0.9225436341463731,0.010864903653835634,0.010864903653835634
481569,0,0,word_deletion,noise_aware,1,0,-0.811897620482267,positive_audit_confirmed,-0.8142669484152394,0.002369327932972398,0.002369327932972398
788930,0,0,word_deletion,noise_aware,1,0,-1.0108911306182078,positive_audit_confirmed,-0.9931336904676423,-0.017757440150565462,0.017757440150565462
138363,2,0,word_deletion,aggressive,1,0,-0.9901639576761715,positive_audit_confirmed,-0.7331938409077404,-0.25697011676843107,0.25697011676843107
201136,0,0,word_deletion,aggressive,1,0,-1.0011098836787582,positive_audit_confirmed,-0.8715108725527422,-0.12959901112601602,0.12959901112601602
242108,0,0,word_deletion,aggressive,1,0,-1.016444724431249,positive_audit_confirmed,-0.8835609137871491,-0.13288381064409982,0.13288381064409982
453673,0,0,word_deletion,aggressive,1,0,-1.00357412677926,positive_audit_confirmed,-0.9225436341463731,-0.08103049263288686,0.08103049263288686
481569,0,0,word_deletion,aggressive,1,0,-0.97343986580301,positive_audit_confirmed,-0.8142669484152394,-0.15917291738777062,0.15917291738777062
788930,0,0,word_deletion,aggressive,1,0,-1.1502471916340071,positive_audit_confirmed,-0.9931336904676423,-0.1571135011663648,0.1571135011663648
138363,2,0,filler,none,1,0,-0.7409598517050855,positive_audit_confirmed,-0.7331938409077404,-0.007766010797345069,0.007766010797345069
201136,0,0,filler,none,1,0,-0.8638640318377294,positive_audit_confirmed,-0.8715108725527422,0.007646840715012759,0.007646840715012759
242108,0,0,filler,none,1,0,-0.8905345610192461,positive_audit_confirmed,-0.8835609137871491,-0.0069736472320970355,0.0069736472320970355
453673,0,0,filler,none,1,0,-0.9159799181609048,positive_audit_confirmed,-0.9225436341463731,0.0065637159854682325,0.0065637159854682325
481569,0,0,filler,none,1,0,-0.817328343604391,positive_audit_confirmed,-0.8142669484152394,-0.0030613951891516056,0.0030613951891516056
788930,0,0,filler,none,1,0,-0.9827530700658719,positive_audit_confirmed,-0.9931336904676423,0.010380620401770457,0.010380620401770457
138363,2,0,filler,minimal,1,0,-0.7409598517050855,positive_audit_confirmed,-0.7331938409077404,-0.007766010797345069,0.007766010797345069
201136,0,0,filler,minimal,1,0,-0.8638640318377294,positive_audit_confirmed,-0.8715108725527422,0.007646840715012759,0.007646840715012759
242108,0,0,filler,minimal,1,0,-0.8905345610192461,positive_audit_confirmed,-0.8835609137871491,-0.0069736472320970355,0.0069736472320970355
453673,0,0,filler,minimal,1,0,-0.9159799181609048,positive_audit_confirmed,-0.9225436341463731,0.0065637159854682325,0.0065637159854682325
481569,0,0,filler,minimal,1,0,-0.817328343604391,positive_audit_confirmed,-0.8142669484152394,-0.0030613951891516056,0.0030613951891516056
788930,0,0,filler,minimal,1,0,-0.9827530700658719,positive_audit_confirmed,-0.9931336904676423,0.010380620401770457,0.010380620401770457
138363,2,0,filler,noise_aware,1,0,-0.7409598517050855,positive_audit_confirmed,-0.7331938409077404,-0.007766010797345069,0.007766010797345069
201136,0,0,filler,noise_aware,1,0,-0.8638640318377294,positive_audit_confirmed,-0.8715108725527422,0.007646840715012759,0.007646840715012759
242108,0,0,filler,noise_aware,1,0,-0.8829463837282301,positive_audit_confirmed,-0.8835609137871491,0.0006145300589189828,0.0006145300589189828
453673,0,0,filler,noise_aware,1,0,-0.9211304661721025,positive_audit_confirmed,-0.9225436341463731,0.0014131679742706016,0.0014131679742706016
481569,0,0,filler,noise_aware,1,0,-0.8142669484152394,positive_audit_confirmed,-0.8142669484152394,0.0,0.0
788930,0,0,filler,noise_aware,1,0,-0.9835184161182224,positive_audit_confirmed,-0.9931336904676423,0.009615274349419889,0.009615274349419889
138363,2,0,filler,aggressive,1,0,-0.9818950333253045,positive_audit_confirmed,-0.7331938409077404,-0.24870119241756405,0.24870119241756405
201136,0,0,filler,aggressive,1,0,-0.9969791969044437,positive_audit_confirmed,-0.8715108725527422,-0.12546832435170152,0.12546832435170152
242108,0,0,filler,aggressive,1,0,-1.0129957504918146,positive_audit_confirmed,-0.8835609137871491,-0.1294348367046655,0.1294348367046655
453673,0,0,filler,aggressive,1,0,-1.0028881958095952,positive_audit_confirmed,-0.9225436341463731,-0.08034456166322212,0.08034456166322212
481569,0,0,filler,aggressive,1,0,-0.97343986580301,positive_audit_confirmed,-0.8142669484152394,-0.15917291738777062,0.15917291738777062
788930,0,0,filler,aggressive,1,0,-1.1329036166356934,positive_audit_confirmed,-0.9931336904676423,-0.13976992616805106,0.13976992616805106
138363,2,0,mixed,none,1,0,-0.7548710117549162,positive_audit_confirmed,-0.7331938409077404,-0.021677170847175797,0.021677170847175797
201136,0,0,mixed,none,1,0,-0.8671054429878309,positive_audit_confirmed,-0.8715108725527422,0.004405429564911301,0.004405429564911301
242108,0,0,mixed,none,1,0,-0.8598983135916343,positive_audit_confirmed,-0.8835609137871491,0.023662600195514805,0.023662600195514805
453673,0,0,mixed,none,1,0,-0.895920888451582,positive_audit_confirmed,-0.9225436341463731,0.02662274569479106,0.02662274569479106
481569,0,0,mixed,none,1,0,-0.7968371625003632,positive_audit_confirmed,-0.8142669484152394,0.017429785914876206,0.017429785914876206
788930,0,0,mixed,none,1,0,-1.0194784347518353,positive_audit_confirmed,-0.9931336904676423,-0.026344744284192978,0.026344744284192978
138363,2,0,mixed,minimal,1,0,-0.7548710117549162,positive_audit_confirmed,-0.7331938409077404,-0.021677170847175797,0.021677170847175797
201136,0,0,mixed,minimal,1,0,-0.8671054429878309,positive_audit_confirmed,-0.8715108725527422,0.004405429564911301,0.004405429564911301
242108,0,0,mixed,minimal,1,0,-0.8598983135916343,positive_audit_confirmed,-0.8835609137871491,0.023662600195514805,0.023662600195514805
453673,0,0,mixed,minimal,1,0,-0.895920888451582,positive_audit_confirmed,-0.9225436341463731,0.02662274569479106,0.02662274569479106
481569,0,0,mixed,minimal,1,0,-0.7968371625003632,positive_audit_confirmed,-0.8142669484152394,0.017429785914876206,0.017429785914876206
788930,0,0,mixed,minimal,1,0,-1.0194784347518353,positive_audit_confirmed,-0.9931336904676423,-0.026344744284192978,0.026344744284192978
138363,2,0,mixed,noise_aware,1,0,-0.7523746280203745,positive_audit_confirmed,-0.7331938409077404,-0.019180787112634046,0.019180787112634046
201136,0,0,mixed,noise_aware,1,0,-0.8540395429458889,positive_audit_confirmed,-0.8715108725527422,0.01747132960685327,0.01747132960685327
242108,0,0,mixed,noise_aware,1,0,-0.8610798654612947,positive_audit_confirmed,-0.8835609137871491,0.022481048325854402,0.022481048325854402
453673,0,0,mixed,noise_aware,1,0,-0.8963183369677343,positive_audit_confirmed,-0.9225436341463731,0.02622529717863875,0.02622529717863875
481569,0,0,mixed,noise_aware,1,0,-0.7966250284406386,positive_audit_confirmed,-0.8142669484152394,0.01764191997460074,0.01764191997460074
788930,0,0,mixed,noise_aware,1,0,-0.9505737163634562,positive_audit_confirmed,-0.9931336904676423,0.042559974104186105,0.042559974104186105
138363,2,0,mixed,aggressive,1,0,-0.987774662065743,positive_audit_confirmed,-0.7331938409077404,-0.2545808211580026,0.2545808211580026
201136,0,0,mixed,aggressive,1,0,-0.9940871136242734,positive_audit_confirmed,-0.8715108725527422,-0.1225762410715312,0.1225762410715312
242108,0,0,mixed,aggressive,1,0,-0.997937382789598,positive_audit_confirmed,-0.8835609137871491,-0.11437646900244891,0.11437646900244891
453673,0,0,mixed,aggressive,1,0,-0.9780699981958721,positive_audit_confirmed,-0.9225436341463731,-0.055526364049499066,0.055526364049499066
481569,0,0,mixed,aggressive,1,0,-0.9654735334275675,positive_audit_confirmed,-0.8142669484152394,-0.1512065850123281,0.1512065850123281
788930,0,0,mixed,aggressive,1,0,-1.12627945684989,positive_audit_confirmed,-0.9931336904676423,-0.13314576638224762,0.13314576638224762
31276,0,1,clean,none,1,0,-0.6456943349326759,positive_audit_confirmed,-0.6456943349326759,0.0,0.0
79032,0,1,clean,none,1,0,-0.715855441027843,positive_audit_confirmed,-0.715855441027843,0.0,0.0
135823,0,1,clean,none,1,0,-0.6375672442504634,positive_audit_confirmed,-0.6375672442504634,0.0,0.0
224561,4,1,clean,none,1,0,-0.902930492755274,negative_audit_missed_positive,-0.902930492755274,0.0,0.0
246621,24,1,clean,none,1,0,-0.6872204579164843,positive_audit_confirmed,-0.6872204579164843,0.0,0.0
31276,0,1,clean,minimal,1,0,-0.6456943349326759,positive_audit_confirmed,-0.6456943349326759,0.0,0.0
79032,0,1,clean,minimal,1,0,-0.715855441027843,positive_audit_confirmed,-0.715855441027843,0.0,0.0
135823,0,1,clean,minimal,1,0,-0.6375672442504634,positive_audit_confirmed,-0.6375672442504634,0.0,0.0
224561,4,1,clean,minimal,1,0,-0.902930492755274,negative_audit_missed_positive,-0.902930492755274,0.0,0.0
246621,24,1,clean,minimal,1,0,-0.6872204579164843,positive_audit_confirmed,-0.6872204579164843,0.0,0.0
31276,0,1,clean,noise_aware,1,0,-0.6456943349326759,positive_audit_confirmed,-0.6456943349326759,0.0,0.0
79032,0,1,clean,noise_aware,1,0,-0.715855441027843,positive_audit_confirmed,-0.715855441027843,0.0,0.0
135823,0,1,clean,noise_aware,1,0,-0.6375672442504634,positive_audit_confirmed,-0.6375672442504634,0.0,0.0
224561,4,1,clean,noise_aware,1,0,-0.902930492755274,negative_audit_missed_positive,-0.902930492755274,0.0,0.0
246621,24,1,clean,noise_aware,1,0,-0.6872204579164843,positive_audit_confirmed,-0.6872204579164843,0.0,0.0
31276,0,1,clean,aggressive,1,0,-0.9056665442475962,positive_audit_confirmed,-0.6456943349326759,-0.25997220931492027,0.25997220931492027
79032,0,1,clean,aggressive,1,0,-0.9907566601119014,positive_audit_confirmed,-0.715855441027843,-0.2749012190840584,0.2749012190840584
135823,0,1,clean,aggressive,1,0,-0.9494623987330697,positive_audit_confirmed,-0.6375672442504634,-0.3118951544826063,0.3118951544826063
224561,4,1,clean,aggressive,1,0,-1.043494099444019,negative_audit_missed_positive,-0.902930492755274,-0.1405636066887449,0.1405636066887449
246621,24,1,clean,aggressive,1,0,-1.0190314255930706,positive_audit_confirmed,-0.6872204579164843,-0.33181096767658624,0.33181096767658624
31276,0,1,casing,none,1,0,-0.6456943349326759,positive_audit_confirmed,-0.6456943349326759,0.0,0.0
79032,0,1,casing,none,1,0,-0.715855441027843,positive_audit_confirmed,-0.715855441027843,0.0,0.0
135823,0,1,casing,none,1,0,-0.6375672442504634,positive_audit_confirmed,-0.6375672442504634,0.0,0.0
224561,4,1,casing,none,1,0,-0.902930492755274,negative_audit_missed_positive,-0.902930492755274,0.0,0.0
246621,24,1,casing,none,1,0,-0.6872204579164843,positive_audit_confirmed,-0.6872204579164843,0.0,0.0
31276,0,1,casing,minimal,1,0,-0.6456943349326759,positive_audit_confirmed,-0.6456943349326759,0.0,0.0
79032,0,1,casing,minimal,1,0,-0.715855441027843,positive_audit_confirmed,-0.715855441027843,0.0,0.0
135823,0,1,casing,minimal,1,0,-0.6375672442504634,positive_audit_confirmed,-0.6375672442504634,0.0,0.0
224561,4,1,casing,minimal,1,0,-0.902930492755274,negative_audit_missed_positive,-0.902930492755274,0.0,0.0
246621,24,1,casing,minimal,1,0,-0.6872204579164843,positive_audit_confirmed,-0.6872204579164843,0.0,0.0
31276,0,1,casing,noise_aware,1,0,-0.6456943349326759,positive_audit_confirmed,-0.6456943349326759,0.0,0.0
79032,0,1,casing,noise_aware,1,0,-0.715855441027843,positive_audit_confirmed,-0.715855441027843,0.0,0.0
135823,0,1,casing,noise_aware,1,0,-0.6375672442504634,positive_audit_confirmed,-0.6375672442504634,0.0,0.0
224561,4,1,casing,noise_aware,1,0,-0.902930492755274,negative_audit_missed_positive,-0.902930492755274,0.0,0.0
246621,24,1,casing,noise_aware,1,0,-0.6872204579164843,positive_audit_confirmed,-0.6872204579164843,0.0,0.0
31276,0,1,casing,aggressive,1,0,-0.9056665442475962,positive_audit_confirmed,-0.6456943349326759,-0.25997220931492027,0.25997220931492027
79032,0,1,casing,aggressive,1,0,-0.9907566601119014,positive_audit_confirmed,-0.715855441027843,-0.2749012190840584,0.2749012190840584
135823,0,1,casing,aggressive,1,0,-0.9494623987330697,positive_audit_confirmed,-0.6375672442504634,-0.3118951544826063,0.3118951544826063
224561,4,1,casing,aggressive,1,0,-1.043494099444019,negative_audit_missed_positive,-0.902930492755274,-0.1405636066887449,0.1405636066887449
246621,24,1,casing,aggressive,1,0,-1.0190314255930706,positive_audit_confirmed,-0.6872204579164843,-0.33181096767658624,0.33181096767658624
31276,0,1,punctuation,none,1,0,-0.6456943349326759,positive_audit_confirmed,-0.6456943349326759,0.0,0.0
79032,0,1,punctuation,none,1,0,-0.715855441027843,positive_audit_confirmed,-0.715855441027843,0.0,0.0
135823,0,1,punctuation,none,1,0,-0.6375672442504634,positive_audit_confirmed,-0.6375672442504634,0.0,0.0
224561,4,1,punctuation,none,1,0,-0.902930492755274,negative_audit_missed_positive,-0.902930492755274,0.0,0.0
246621,24,1,punctuation,none,1,0,-0.6872204579164843,positive_audit_confirmed,-0.6872204579164843,0.0,0.0
31276,0,1,punctuation,minimal,1,0,-0.6456943349326759,positive_audit_confirmed,-0.6456943349326759,0.0,0.0
79032,0,1,punctuation,minimal,1,0,-0.715855441027843,positive_audit_confirmed,-0.715855441027843,0.0,0.0
135823,0,1,punctuation,minimal,1,0,-0.6375672442504634,positive_audit_confirmed,-0.6375672442504634,0.0,0.0
224561,4,1,punctuation,minimal,1,0,-0.902930492755274,negative_audit_missed_positive,-0.902930492755274,0.0,0.0
246621,24,1,punctuation,minimal,1,0,-0.6872204579164843,positive_audit_confirmed,-0.6872204579164843,0.0,0.0
31276,0,1,punctuation,noise_aware,1,0,-0.6456943349326759,positive_audit_confirmed,-0.6456943349326759,0.0,0.0
79032,0,1,punctuation,noise_aware,1,0,-0.715855441027843,positive_audit_confirmed,-0.715855441027843,0.0,0.0
135823,0,1,punctuation,noise_aware,1,0,-0.6375672442504634,positive_audit_confirmed,-0.6375672442504634,0.0,0.0
224561,4,1,punctuation,noise_aware,1,0,-0.902930492755274,negative_audit_missed_positive,-0.902930492755274,0.0,0.0
246621,24,1,punctuation,noise_aware,1,0,-0.6872204579164843,positive_audit_confirmed,-0.6872204579164843,0.0,0.0
31276,0,1,punctuation,aggressive,1,0,-0.9056665442475962,positive_audit_confirmed,-0.6456943349326759,-0.25997220931492027,0.25997220931492027
79032,0,1,punctuation,aggressive,1,0,-0.9907566601119014,positive_audit_confirmed,-0.715855441027843,-0.2749012190840584,0.2749012190840584
135823,0,1,punctuation,aggressive,1,0,-0.9494623987330697,positive_audit_confirmed,-0.6375672442504634,-0.3118951544826063,0.3118951544826063
224561,4,1,punctuation,aggressive,1,0,-1.043494099444019,negative_audit_missed_positive,-0.902930492755274,-0.1405636066887449,0.1405636066887449
246621,24,1,punctuation,aggressive,1,0,-1.0190314255930706,positive_audit_confirmed,-0.6872204579164843,-0.33181096767658624,0.33181096767658624
31276,0,1,whitespace,none,1,0,-0.6881524677498263,positive_audit_confirmed,-0.6456943349326759,-0.042458132817150385,0.042458132817150385
79032,0,1,whitespace,none,1,0,-0.6999339485042582,positive_audit_confirmed,-0.715855441027843,0.01592149252358488,0.01592149252358488
135823,0,1,whitespace,none,1,0,-0.6167828420895627,positive_audit_confirmed,-0.6375672442504634,0.020784402160900717,0.020784402160900717
224561,4,1,whitespace,none,1,0,-0.9161647912018376,negative_audit_missed_positive,-0.902930492755274,-0.013234298446563542,0.013234298446563542
246621,24,1,whitespace,none,1,0,-0.6688543944508444,positive_audit_confirmed,-0.6872204579164843,0.01836606346563996,0.01836606346563996
31276,0,1,whitespace,minimal,1,0,-0.6881524677498263,positive_audit_confirmed,-0.6456943349326759,-0.042458132817150385,0.042458132817150385
79032,0,1,whitespace,minimal,1,0,-0.6999339485042582,positive_audit_confirmed,-0.715855441027843,0.01592149252358488,0.01592149252358488
135823,0,1,whitespace,minimal,1,0,-0.6167828420895627,positive_audit_confirmed,-0.6375672442504634,0.020784402160900717,0.020784402160900717
224561,4,1,whitespace,minimal,1,0,-0.9161647912018376,negative_audit_missed_positive,-0.902930492755274,-0.013234298446563542,0.013234298446563542
246621,24,1,whitespace,minimal,1,0,-0.6688543944508444,positive_audit_confirmed,-0.6872204579164843,0.01836606346563996,0.01836606346563996
31276,0,1,whitespace,noise_aware,1,0,-0.6881524677498263,positive_audit_confirmed,-0.6456943349326759,-0.042458132817150385,0.042458132817150385
79032,0,1,whitespace,noise_aware,1,0,-0.6999339485042582,positive_audit_confirmed,-0.715855441027843,0.01592149252358488,0.01592149252358488
135823,0,1,whitespace,noise_aware,1,0,-0.6167828420895627,positive_audit_confirmed,-0.6375672442504634,0.020784402160900717,0.020784402160900717
224561,4,1,whitespace,noise_aware,1,0,-0.9161647912018376,negative_audit_missed_positive,-0.902930492755274,-0.013234298446563542,0.013234298446563542
246621,24,1,whitespace,noise_aware,1,0,-0.6688543944508444,positive_audit_confirmed,-0.6872204579164843,0.01836606346563996,0.01836606346563996
31276,0,1,whitespace,aggressive,1,0,-0.9612221871061799,positive_audit_confirmed,-0.6456943349326759,-0.315527852173504,0.315527852173504
79032,0,1,whitespace,aggressive,1,0,-0.9999740941025027,positive_audit_confirmed,-0.715855441027843,-0.28411865307465967,0.28411865307465967
135823,0,1,whitespace,aggressive,1,0,-0.9249468202776879,positive_audit_confirmed,-0.6375672442504634,-0.2873795760272245,0.2873795760272245
224561,4,1,whitespace,aggressive,1,0,-1.0443369418942066,negative_audit_missed_positive,-0.902930492755274,-0.14140644913893252,0.14140644913893252
246621,24,1,whitespace,aggressive,1,0,-1.0092972239905647,positive_audit_confirmed,-0.6872204579164843,-0.3220767660740803,0.3220767660740803
31276,0,1,typo,none,1,0,-0.6611112489779161,positive_audit_confirmed,-0.6456943349326759,-0.015416914045240149,0.015416914045240149
79032,0,1,typo,none,1,0,-0.7076445169812196,positive_audit_confirmed,-0.715855441027843,0.008210924046623491,0.008210924046623491
135823,0,1,typo,none,1,0,-0.6384583977220203,positive_audit_confirmed,-0.6375672442504634,-0.0008911534715568825,0.0008911534715568825
224561,4,1,typo,none,1,0,-0.8952748932208077,negative_audit_missed_positive,-0.902930492755274,0.007655599534466373,0.007655599534466373
246621,24,1,typo,none,1,0,-0.6851357881100193,positive_audit_confirmed,-0.6872204579164843,0.002084669806465045,0.002084669806465045
31276,0,1,typo,minimal,1,0,-0.6611112489779161,positive_audit_confirmed,-0.6456943349326759,-0.015416914045240149,0.015416914045240149
79032,0,1,typo,minimal,1,0,-0.7076445169812196,positive_audit_confirmed,-0.715855441027843,0.008210924046623491,0.008210924046623491
135823,0,1,typo,minimal,1,0,-0.6384583977220203,positive_audit_confirmed,-0.6375672442504634,-0.0008911534715568825,0.0008911534715568825
224561,4,1,typo,minimal,1,0,-0.8952748932208077,negative_audit_missed_positive,-0.902930492755274,0.007655599534466373,0.007655599534466373
246621,24,1,typo,minimal,1,0,-0.6851357881100193,positive_audit_confirmed,-0.6872204579164843,0.002084669806465045,0.002084669806465045
31276,0,1,typo,noise_aware,1,0,-0.6611112489779161,positive_audit_confirmed,-0.6456943349326759,-0.015416914045240149,0.015416914045240149
79032,0,1,typo,noise_aware,1,0,-0.7076445169812196,positive_audit_confirmed,-0.715855441027843,0.008210924046623491,0.008210924046623491
135823,0,1,typo,noise_aware,1,0,-0.6384583977220203,positive_audit_confirmed,-0.6375672442504634,-0.0008911534715568825,0.0008911534715568825
224561,4,1,typo,noise_aware,1,0,-0.8952748932208077,negative_audit_missed_positive,-0.902930492755274,0.007655599534466373,0.007655599534466373
246621,24,1,typo,noise_aware,1,0,-0.6851357881100193,positive_audit_confirmed,-0.6872204579164843,0.002084669806465045,0.002084669806465045
31276,0,1,typo,aggressive,1,0,-0.9233687500399766,positive_audit_confirmed,-0.6456943349326759,-0.27767441510730073,0.27767441510730073
79032,0,1,typo,aggressive,1,0,-0.9868955630194486,positive_audit_confirmed,-0.715855441027843,-0.27104012199160554,0.27104012199160554
135823,0,1,typo,aggressive,1,0,-0.9669815092791696,positive_audit_confirmed,-0.6375672442504634,-0.3294142650287062,0.3294142650287062
224561,4,1,typo,aggressive,1,0,-1.038463693158881,negative_audit_missed_positive,-0.902930492755274,-0.13553320040360706,0.13553320040360706
246621,24,1,typo,aggressive,1,0,-1.025334454085843,positive_audit_confirmed,-0.6872204579164843,-0.33811399616935855,0.33811399616935855
31276,0,1,word_deletion,none,1,0,-0.6500490293245484,positive_audit_confirmed,-0.6456943349326759,-0.004354694391872527,0.004354694391872527
79032,0,1,word_deletion,none,1,0,-0.7139805846244461,positive_audit_confirmed,-0.715855441027843,0.0018748564033969073,0.0018748564033969073
135823,0,1,word_deletion,none,1,0,-0.6258675666096178,positive_audit_confirmed,-0.6375672442504634,0.011699677640845563,0.011699677640845563
224561,4,1,word_deletion,none,1,0,-0.897402741412963,negative_audit_missed_positive,-0.902930492755274,0.0055277513423110936,0.0055277513423110936
246621,24,1,word_deletion,none,1,0,-0.6995358103346474,positive_audit_confirmed,-0.6872204579164843,-0.012315352418163061,0.012315352418163061
31276,0,1,word_deletion,minimal,1,0,-0.6500490293245484,positive_audit_confirmed,-0.6456943349326759,-0.004354694391872527,0.004354694391872527
79032,0,1,word_deletion,minimal,1,0,-0.7139805846244461,positive_audit_confirmed,-0.715855441027843,0.0018748564033969073,0.0018748564033969073
135823,0,1,word_deletion,minimal,1,0,-0.6258675666096178,positive_audit_confirmed,-0.6375672442504634,0.011699677640845563,0.011699677640845563
224561,4,1,word_deletion,minimal,1,0,-0.897402741412963,negative_audit_missed_positive,-0.902930492755274,0.0055277513423110936,0.0055277513423110936
246621,24,1,word_deletion,minimal,1,0,-0.6995358103346474,positive_audit_confirmed,-0.6872204579164843,-0.012315352418163061,0.012315352418163061
31276,0,1,word_deletion,noise_aware,1,0,-0.6500490293245484,positive_audit_confirmed,-0.6456943349326759,-0.004354694391872527,0.004354694391872527
79032,0,1,word_deletion,noise_aware,1,0,-0.7139805846244461,positive_audit_confirmed,-0.715855441027843,0.0018748564033969073,0.0018748564033969073
135823,0,1,word_deletion,noise_aware,1,0,-0.6258675666096178,positive_audit_confirmed,-0.6375672442504634,0.011699677640845563,0.011699677640845563
224561,4,1,word_deletion,noise_aware,1,0,-0.897402741412963,negative_audit_missed_positive,-0.902930492755274,0.0055277513423110936,0.0055277513423110936
246621,24,1,word_deletion,noise_aware,1,0,-0.6995358103346474,positive_audit_confirmed,-0.6872204579164843,-0.012315352418163061,0.012315352418163061
31276,0,1,word_deletion,aggressive,1,0,-0.9265541924490707,positive_audit_confirmed,-0.6456943349326759,-0.28085985751639475,0.28085985751639475
79032,0,1,word_deletion,aggressive,1,0,-0.9910100938731476,positive_audit_confirmed,-0.715855441027843,-0.2751546528453046,0.2751546528453046
135823,0,1,word_deletion,aggressive,1,0,-0.9455304703343046,positive_audit_confirmed,-0.6375672442504634,-0.3079632260838412,0.3079632260838412
224561,4,1,word_deletion,aggressive,1,0,-1.0381640494776359,negative_audit_missed_positive,-0.902930492755274,-0.13523355672236181,0.13523355672236181
246621,24,1,word_deletion,aggressive,1,0,-1.013154445728597,positive_audit_confirmed,-0.6872204579164843,-0.3259339878121127,0.3259339878121127
31276,0,1,filler,none,1,0,-0.6631549204863829,positive_audit_confirmed,-0.6456943349326759,-0.017460585553706998,0.017460585553706998
79032,0,1,filler,none,1,0,-0.7264904180589175,positive_audit_confirmed,-0.715855441027843,-0.01063497703107441,0.01063497703107441
135823,0,1,filler,none,1,0,-0.6478338449793721,positive_audit_confirmed,-0.6375672442504634,-0.010266600728908726,0.010266600728908726
224561,4,1,filler,none,1,0,-0.918667979387716,negative_audit_missed_positive,-0.902930492755274,-0.01573748663244201,0.01573748663244201
246621,24,1,filler,none,1,0,-0.709534083968979,positive_audit_confirmed,-0.6872204579164843,-0.02231362605249465,0.02231362605249465
31276,0,1,filler,minimal,1,0,-0.6631549204863829,positive_audit_confirmed,-0.6456943349326759,-0.017460585553706998,0.017460585553706998
79032,0,1,filler,minimal,1,0,-0.7264904180589175,positive_audit_confirmed,-0.715855441027843,-0.01063497703107441,0.01063497703107441
135823,0,1,filler,minimal,1,0,-0.6478338449793721,positive_audit_confirmed,-0.6375672442504634,-0.010266600728908726,0.010266600728908726
224561,4,1,filler,minimal,1,0,-0.918667979387716,negative_audit_missed_positive,-0.902930492755274,-0.01573748663244201,0.01573748663244201
246621,24,1,filler,minimal,1,0,-0.709534083968979,positive_audit_confirmed,-0.6872204579164843,-0.02231362605249465,0.02231362605249465
31276,0,1,filler,noise_aware,1,0,-0.6625399543905816,positive_audit_confirmed,-0.6456943349326759,-0.016845619457905636,0.016845619457905636
79032,0,1,filler,noise_aware,1,0,-0.7264904180589175,positive_audit_confirmed,-0.715855441027843,-0.01063497703107441,0.01063497703107441
135823,0,1,filler,noise_aware,1,0,-0.643681786536588,positive_audit_confirmed,-0.6375672442504634,-0.006114542286124625,0.006114542286124625
224561,4,1,filler,noise_aware,1,0,-0.9186246796391616,negative_audit_missed_positive,-0.902930492755274,-0.015694186883887573,0.015694186883887573
246621,24,1,filler,noise_aware,1,0,-0.6981624533178243,positive_audit_confirmed,-0.6872204579164843,-0.010941995401339999,0.010941995401339999
31276,0,1,filler,aggressive,1,0,-0.9101349018205971,positive_audit_confirmed,-0.6456943349326759,-0.26444056688792117,0.26444056688792117
79032,0,1,filler,aggressive,1,0,-0.9964955930195968,positive_audit_confirmed,-0.715855441027843,-0.28064015199175374,0.28064015199175374
135823,0,1,filler,aggressive,1,0,-0.9517924626825853,positive_audit_confirmed,-0.6375672442504634,-0.3142252184321219,0.3142252184321219
224561,4,1,filler,aggressive,1,0,-1.0455197833782057,negative_audit_missed_positive,-0.902930492755274,-0.14258929062293169,0.14258929062293169
246621,24,1,filler,aggressive,1,0,-1.0233037215040246,positive_audit_confirmed,-0.6872204579164843,-0.33608326358754026,0.33608326358754026
31276,0,1,mixed,none,1,0,-0.6494458287516239,positive_audit_confirmed,-0.6456943349326759,-0.003751493818948015,0.003751493818948015
79032,0,1,mixed,none,1,0,-0.7494330278681594,positive_audit_confirmed,-0.715855441027843,-0.03357758684031631,0.03357758684031631
135823,0,1,mixed,none,1,0,-0.6839699705479274,positive_audit_confirmed,-0.6375672442504634,-0.046402726297464,0.046402726297464
224561,4,1,mixed,none,1,0,-0.940593768940968,negative_audit_missed_positive,-0.902930492755274,-0.037663276185693983,0.037663276185693983
246621,24,1,mixed,none,1,0,-0.6871764316664739,positive_audit_confirmed,-0.6872204579164843,4.402625001043159e-05,4.402625001043159e-05
31276,0,1,mixed,minimal,1,0,-0.6494458287516239,positive_audit_confirmed,-0.6456943349326759,-0.003751493818948015,0.003751493818948015
79032,0,1,mixed,minimal,1,0,-0.7494330278681594,positive_audit_confirmed,-0.715855441027843,-0.03357758684031631,0.03357758684031631
135823,0,1,mixed,minimal,1,0,-0.6839699705479274,positive_audit_confirmed,-0.6375672442504634,-0.046402726297464,0.046402726297464
224561,4,1,mixed,minimal,1,0,-0.940593768940968,negative_audit_missed_positive,-0.902930492755274,-0.037663276185693983,0.037663276185693983
246621,24,1,mixed,minimal,1,0,-0.6871764316664739,positive_audit_confirmed,-0.6872204579164843,4.402625001043159e-05,4.402625001043159e-05
31276,0,1,mixed,noise_aware,1,0,-0.6462780380977786,positive_audit_confirmed,-0.6456943349326759,-0.0005837031651027003,0.0005837031651027003
79032,0,1,mixed,noise_aware,1,0,-0.7494330278681594,positive_audit_confirmed,-0.715855441027843,-0.03357758684031631,0.03357758684031631
135823,0,1,mixed,noise_aware,1,0,-0.6735956407593446,positive_audit_confirmed,-0.6375672442504634,-0.03602839650888123,0.03602839650888123
224561,4,1,mixed,noise_aware,1,0,-0.9405193819987152,negative_audit_missed_positive,-0.902930492755274,-0.03758888924344117,0.03758888924344117
246621,24,1,mixed,noise_aware,1,0,-0.6871062462615767,positive_audit_confirmed,-0.6872204579164843,0.00011421165490765883,0.00011421165490765883
31276,0,1,mixed,aggressive,1,0,-0.9078975260289903,positive_audit_confirmed,-0.6456943349326759,-0.2622031910963144,0.2622031910963144
79032,0,1,mixed,aggressive,1,0,-1.0115608709154966,positive_audit_confirmed,-0.715855441027843,-0.2957054298876536,0.2957054298876536
135823,0,1,mixed,aggressive,1,0,-0.9866005450982994,positive_audit_confirmed,-0.6375672442504634,-0.349033300847836,0.349033300847836
224561,4,1,mixed,aggressive,1,0,-1.0555996549504918,negative_audit_missed_positive,-0.902930492755274,-0.15266916219521776,0.15266916219521776
246621,24,1,mixed,aggressive,1,0,-1.0314707380737582,positive_audit_confirmed,-0.6872204579164843,-0.3442502801572739,0.3442502801572739
43461,4,2,clean,none,1,0,-0.8093513725317686,positive_audit_confirmed,-0.8093513725317686,0.0,0.0
58105,0,2,clean,none,1,0,-0.9160110456461823,positive_audit_confirmed,-0.9160110456461823,0.0,0.0
267733,0,2,clean,none,1,0,-0.9278509841925637,positive_audit_confirmed,-0.9278509841925637,0.0,0.0
665360,0,2,clean,none,1,0,-0.45624529755631515,positive_audit_confirmed,-0.45624529755631515,0.0,0.0
819967,2,2,clean,none,1,0,-0.6337582588351983,positive_audit_confirmed,-0.6337582588351983,0.0,0.0
927678,0,2,clean,none,1,0,-0.9726243263231602,positive_audit_confirmed,-0.9726243263231602,0.0,0.0
43461,4,2,clean,minimal,1,0,-0.8093513725317686,positive_audit_confirmed,-0.8093513725317686,0.0,0.0
58105,0,2,clean,minimal,1,0,-0.9160110456461823,positive_audit_confirmed,-0.9160110456461823,0.0,0.0
267733,0,2,clean,minimal,1,0,-0.9278509841925637,positive_audit_confirmed,-0.9278509841925637,0.0,0.0
665360,0,2,clean,minimal,1,0,-0.45624529755631515,positive_audit_confirmed,-0.45624529755631515,0.0,0.0
819967,2,2,clean,minimal,1,0,-0.6337582588351983,positive_audit_confirmed,-0.6337582588351983,0.0,0.0
927678,0,2,clean,minimal,1,0,-0.9726243263231602,positive_audit_confirmed,-0.9726243263231602,0.0,0.0
43461,4,2,clean,noise_aware,1,0,-0.8093513725317686,positive_audit_confirmed,-0.8093513725317686,0.0,0.0
58105,0,2,clean,noise_aware,1,0,-0.9160110456461823,positive_audit_confirmed,-0.9160110456461823,0.0,0.0
267733,0,2,clean,noise_aware,1,0,-0.9278509841925637,positive_audit_confirmed,-0.9278509841925637,0.0,0.0
665360,0,2,clean,noise_aware,1,0,-0.45624529755631515,positive_audit_confirmed,-0.45624529755631515,0.0,0.0
819967,2,2,clean,noise_aware,1,0,-0.6337582588351983,positive_audit_confirmed,-0.6337582588351983,0.0,0.0
927678,0,2,clean,noise_aware,1,0,-0.9726243263231602,positive_audit_confirmed,-0.9726243263231602,0.0,0.0
43461,4,2,clean,aggressive,1,0,-0.9719847461968975,positive_audit_confirmed,-0.8093513725317686,-0.16263337366512887,0.16263337366512887
58105,0,2,clean,aggressive,1,0,-0.9918122796678063,positive_audit_confirmed,-0.9160110456461823,-0.07580123402162398,0.07580123402162398
267733,0,2,clean,aggressive,1,0,-0.9891949753753388,positive_audit_confirmed,-0.9278509841925637,-0.061343991182775115,0.061343991182775115
665360,0,2,clean,aggressive,1,0,-0.9575557233818716,positive_audit_confirmed,-0.45624529755631515,-0.5013104258255564,0.5013104258255564
819967,2,2,clean,aggressive,1,0,-0.9177278771967662,positive_audit_confirmed,-0.6337582588351983,-0.28396961836156787,0.28396961836156787
927678,0,2,clean,aggressive,1,0,-1.0124406828350099,positive_audit_confirmed,-0.9726243263231602,-0.03981635651184967,0.03981635651184967
43461,4,2,casing,none,1,0,-0.8093513725317686,positive_audit_confirmed,-0.8093513725317686,0.0,0.0
58105,0,2,casing,none,1,0,-0.9160110456461823,positive_audit_confirmed,-0.9160110456461823,0.0,0.0
267733,0,2,casing,none,1,0,-0.9278509841925637,positive_audit_confirmed,-0.9278509841925637,0.0,0.0
665360,0,2,casing,none,1,0,-0.45624529755631515,positive_audit_confirmed,-0.45624529755631515,0.0,0.0
819967,2,2,casing,none,1,0,-0.6337582588351983,positive_audit_confirmed,-0.6337582588351983,0.0,0.0
927678,0,2,casing,none,1,0,-0.9726243263231602,positive_audit_confirmed,-0.9726243263231602,0.0,0.0
43461,4,2,casing,minimal,1,0,-0.8093513725317686,positive_audit_confirmed,-0.8093513725317686,0.0,0.0
58105,0,2,casing,minimal,1,0,-0.9160110456461823,positive_audit_confirmed,-0.9160110456461823,0.0,0.0
267733,0,2,casing,minimal,1,0,-0.9278509841925637,positive_audit_confirmed,-0.9278509841925637,0.0,0.0
665360,0,2,casing,minimal,1,0,-0.45624529755631515,positive_audit_confirmed,-0.45624529755631515,0.0,0.0
819967,2,2,casing,minimal,1,0,-0.6337582588351983,positive_audit_confirmed,-0.6337582588351983,0.0,0.0
927678,0,2,casing,minimal,1,0,-0.9726243263231602,positive_audit_confirmed,-0.9726243263231602,0.0,0.0
43461,4,2,casing,noise_aware,1,0,-0.8093513725317686,positive_audit_confirmed,-0.8093513725317686,0.0,0.0
58105,0,2,casing,noise_aware,1,0,-0.9160110456461823,positive_audit_confirmed,-0.9160110456461823,0.0,0.0
267733,0,2,casing,noise_aware,1,0,-0.9278509841925637,positive_audit_confirmed,-0.9278509841925637,0.0,0.0
665360,0,2,casing,noise_aware,1,0,-0.45624529755631515,positive_audit_confirmed,-0.45624529755631515,0.0,0.0
819967,2,2,casing,noise_aware,1,0,-0.6337582588351983,positive_audit_confirmed,-0.6337582588351983,0.0,0.0
927678,0,2,casing,noise_aware,1,0,-0.9726243263231602,positive_audit_confirmed,-0.9726243263231602,0.0,0.0
43461,4,2,casing,aggressive,1,0,-0.9719847461968975,positive_audit_confirmed,-0.8093513725317686,-0.16263337366512887,0.16263337366512887
58105,0,2,casing,aggressive,1,0,-0.9918122796678063,positive_audit_confirmed,-0.9160110456461823,-0.07580123402162398,0.07580123402162398
267733,0,2,casing,aggressive,1,0,-0.9891949753753388,positive_audit_confirmed,-0.9278509841925637,-0.061343991182775115,0.061343991182775115
665360,0,2,casing,aggressive,1,0,-0.9575557233818716,positive_audit_confirmed,-0.45624529755631515,-0.5013104258255564,0.5013104258255564
819967,2,2,casing,aggressive,1,0,-0.9177278771967662,positive_audit_confirmed,-0.6337582588351983,-0.28396961836156787,0.28396961836156787
927678,0,2,casing,aggressive,1,0,-1.0124406828350099,positive_audit_confirmed,-0.9726243263231602,-0.03981635651184967,0.03981635651184967
43461,4,2,punctuation,none,1,0,-0.8093513725317686,positive_audit_confirmed,-0.8093513725317686,0.0,0.0
58105,0,2,punctuation,none,1,0,-0.9160110456461823,positive_audit_confirmed,-0.9160110456461823,0.0,0.0
267733,0,2,punctuation,none,1,0,-0.9278509841925637,positive_audit_confirmed,-0.9278509841925637,0.0,0.0
665360,0,2,punctuation,none,1,0,-0.45624529755631515,positive_audit_confirmed,-0.45624529755631515,0.0,0.0
819967,2,2,punctuation,none,1,0,-0.6337582588351983,positive_audit_confirmed,-0.6337582588351983,0.0,0.0
927678,0,2,punctuation,none,1,0,-0.9726243263231602,positive_audit_confirmed,-0.9726243263231602,0.0,0.0
43461,4,2,punctuation,minimal,1,0,-0.8093513725317686,positive_audit_confirmed,-0.8093513725317686,0.0,0.0
58105,0,2,punctuation,minimal,1,0,-0.9160110456461823,positive_audit_confirmed,-0.9160110456461823,0.0,0.0
267733,0,2,punctuation,minimal,1,0,-0.9278509841925637,positive_audit_confirmed,-0.9278509841925637,0.0,0.0
665360,0,2,punctuation,minimal,1,0,-0.45624529755631515,positive_audit_confirmed,-0.45624529755631515,0.0,0.0
819967,2,2,punctuation,minimal,1,0,-0.6337582588351983,positive_audit_confirmed,-0.6337582588351983,0.0,0.0
927678,0,2,punctuation,minimal,1,0,-0.9726243263231602,positive_audit_confirmed,-0.9726243263231602,0.0,0.0
43461,4,2,punctuation,noise_aware,1,0,-0.8093513725317686,positive_audit_confirmed,-0.8093513725317686,0.0,0.0
58105,0,2,punctuation,noise_aware,1,0,-0.9160110456461823,positive_audit_confirmed,-0.9160110456461823,0.0,0.0
267733,0,2,punctuation,noise_aware,1,0,-0.9278509841925637,positive_audit_confirmed,-0.9278509841925637,0.0,0.0
665360,0,2,punctuation,noise_aware,1,0,-0.45624529755631515,positive_audit_confirmed,-0.45624529755631515,0.0,0.0
819967,2,2,punctuation,noise_aware,1,0,-0.6337582588351983,positive_audit_confirmed,-0.6337582588351983,0.0,0.0
927678,0,2,punctuation,noise_aware,1,0,-0.9726243263231602,positive_audit_confirmed,-0.9726243263231602,0.0,0.0
43461,4,2,punctuation,aggressive,1,0,-0.9719847461968975,positive_audit_confirmed,-0.8093513725317686,-0.16263337366512887,0.16263337366512887
58105,0,2,punctuation,aggressive,1,0,-0.9918122796678063,positive_audit_confirmed,-0.9160110456461823,-0.07580123402162398,0.07580123402162398
267733,0,2,punctuation,aggressive,1,0,-0.9891949753753388,positive_audit_confirmed,-0.9278509841925637,-0.061343991182775115,0.061343991182775115
665360,0,2,punctuation,aggressive,1,0,-0.9575557233818716,positive_audit_confirmed,-0.45624529755631515,-0.5013104258255564,0.5013104258255564
819967,2,2,punctuation,aggressive,1,0,-0.9177278771967662,positive_audit_confirmed,-0.6337582588351983,-0.28396961836156787,0.28396961836156787
927678,0,2,punctuation,aggressive,1,0,-1.0124406828350099,positive_audit_confirmed,-0.9726243263231602,-0.03981635651184967,0.03981635651184967
43461,4,2,whitespace,none,1,0,-0.8041744829865685,positive_audit_confirmed,-0.8093513725317686,0.005176889545200125,0.005176889545200125
58105,0,2,whitespace,none,1,0,-0.9398576864302232,positive_audit_confirmed,-0.9160110456461823,-0.023846640784040862,0.023846640784040862
267733,0,2,whitespace,none,1,0,-0.9137354825499522,positive_audit_confirmed,-0.9278509841925637,0.01411550164261155,0.01411550164261155
665360,0,2,whitespace,none,1,0,-0.41703055172404246,positive_audit_confirmed,-0.45624529755631515,0.03921474583227269,0.03921474583227269
819967,2,2,whitespace,none,1,0,-0.567471553284415,positive_audit_confirmed,-0.6337582588351983,0.06628670555078331,0.06628670555078331
927678,0,2,whitespace,none,1,0,-0.9808101737066592,positive_audit_confirmed,-0.9726243263231602,-0.008185847383499034,0.008185847383499034
43461,4,2,whitespace,minimal,1,0,-0.8041744829865685,positive_audit_confirmed,-0.8093513725317686,0.005176889545200125,0.005176889545200125
58105,0,2,whitespace,minimal,1,0,-0.9398576864302232,positive_audit_confirmed,-0.9160110456461823,-0.023846640784040862,0.023846640784040862
267733,0,2,whitespace,minimal,1,0,-0.9137354825499522,positive_audit_confirmed,-0.9278509841925637,0.01411550164261155,0.01411550164261155
665360,0,2,whitespace,minimal,1,0,-0.41703055172404246,positive_audit_confirmed,-0.45624529755631515,0.03921474583227269,0.03921474583227269
819967,2,2,whitespace,minimal,1,0,-0.567471553284415,positive_audit_confirmed,-0.6337582588351983,0.06628670555078331,0.06628670555078331
927678,0,2,whitespace,minimal,1,0,-0.9808101737066592,positive_audit_confirmed,-0.9726243263231602,-0.008185847383499034,0.008185847383499034
43461,4,2,whitespace,noise_aware,1,0,-0.8041744829865685,positive_audit_confirmed,-0.8093513725317686,0.005176889545200125,0.005176889545200125
58105,0,2,whitespace,noise_aware,1,0,-0.9398576864302232,positive_audit_confirmed,-0.9160110456461823,-0.023846640784040862,0.023846640784040862
267733,0,2,whitespace,noise_aware,1,0,-0.9137354825499522,positive_audit_confirmed,-0.9278509841925637,0.01411550164261155,0.01411550164261155
665360,0,2,whitespace,noise_aware,1,0,-0.41703055172404246,positive_audit_confirmed,-0.45624529755631515,0.03921474583227269,0.03921474583227269
819967,2,2,whitespace,noise_aware,1,0,-0.567471553284415,positive_audit_confirmed,-0.6337582588351983,0.06628670555078331,0.06628670555078331
927678,0,2,whitespace,noise_aware,1,0,-0.9808101737066592,positive_audit_confirmed,-0.9726243263231602,-0.008185847383499034,0.008185847383499034
43461,4,2,whitespace,aggressive,1,0,-0.9796017557343583,positive_audit_confirmed,-0.8093513725317686,-0.17025038320258967,0.17025038320258967
58105,0,2,whitespace,aggressive,1,0,-0.9846177853430965,positive_audit_confirmed,-0.9160110456461823,-0.06860673969691422,0.06860673969691422
267733,0,2,whitespace,aggressive,1,0,-0.9875494059614547,positive_audit_confirmed,-0.9278509841925637,-0.05969842176889095,0.05969842176889095
665360,0,2,whitespace,aggressive,1,0,-0.9511379278148894,positive_audit_confirmed,-0.45624529755631515,-0.4948926302585742,0.4948926302585742
819967,2,2,whitespace,aggressive,1,0,-0.8906532953477875,positive_audit_confirmed,-0.6337582588351983,-0.25689503651258916,0.25689503651258916
927678,0,2,whitespace,aggressive,1,0,-1.0260801074530141,positive_audit_confirmed,-0.9726243263231602,-0.05345578112985394,0.05345578112985394
43461,4,2,typo,none,1,0,-0.8017359770276281,positive_audit_confirmed,-0.8093513725317686,0.007615395504140476,0.007615395504140476
58105,0,2,typo,none,1,0,-0.9284006199457928,positive_audit_confirmed,-0.9160110456461823,-0.012389574299610517,0.012389574299610517
267733,0,2,typo,none,1,0,-0.9418555941147889,positive_audit_confirmed,-0.9278509841925637,-0.014004609922225186,0.014004609922225186
665360,0,2,typo,none,1,0,-0.44562445273604623,positive_audit_confirmed,-0.45624529755631515,0.010620844820268927,0.010620844820268927
819967,2,2,typo,none,1,0,-0.6612368911294678,positive_audit_confirmed,-0.6337582588351983,-0.0274786322942695,0.0274786322942695
927678,0,2,typo,none,1,0,-0.9932101416196877,positive_audit_confirmed,-0.9726243263231602,-0.020585815296527477,0.020585815296527477
43461,4,2,typo,minimal,1,0,-0.8017359770276281,positive_audit_confirmed,-0.8093513725317686,0.007615395504140476,0.007615395504140476
58105,0,2,typo,minimal,1,0,-0.9284006199457928,positive_audit_confirmed,-0.9160110456461823,-0.012389574299610517,0.012389574299610517
267733,0,2,typo,minimal,1,0,-0.9418555941147889,positive_audit_confirmed,-0.9278509841925637,-0.014004609922225186,0.014004609922225186
665360,0,2,typo,minimal,1,0,-0.44562445273604623,positive_audit_confirmed,-0.45624529755631515,0.010620844820268927,0.010620844820268927
819967,2,2,typo,minimal,1,0,-0.6612368911294678,positive_audit_confirmed,-0.6337582588351983,-0.0274786322942695,0.0274786322942695
927678,0,2,typo,minimal,1,0,-0.9932101416196877,positive_audit_confirmed,-0.9726243263231602,-0.020585815296527477,0.020585815296527477
43461,4,2,typo,noise_aware,1,0,-0.8017359770276281,positive_audit_confirmed,-0.8093513725317686,0.007615395504140476,0.007615395504140476
58105,0,2,typo,noise_aware,1,0,-0.9284006199457928,positive_audit_confirmed,-0.9160110456461823,-0.012389574299610517,0.012389574299610517
267733,0,2,typo,noise_aware,1,0,-0.9418555941147889,positive_audit_confirmed,-0.9278509841925637,-0.014004609922225186,0.014004609922225186
665360,0,2,typo,noise_aware,1,0,-0.44562445273604623,positive_audit_confirmed,-0.45624529755631515,0.010620844820268927,0.010620844820268927
819967,2,2,typo,noise_aware,1,0,-0.6612368911294678,positive_audit_confirmed,-0.6337582588351983,-0.0274786322942695,0.0274786322942695
927678,0,2,typo,noise_aware,1,0,-0.9932101416196877,positive_audit_confirmed,-0.9726243263231602,-0.020585815296527477,0.020585815296527477
43461,4,2,typo,aggressive,1,0,-0.9719847461968975,positive_audit_confirmed,-0.8093513725317686,-0.16263337366512887,0.16263337366512887
58105,0,2,typo,aggressive,1,0,-0.9992458313757826,positive_audit_confirmed,-0.9160110456461823,-0.0832347857296003,0.0832347857296003
267733,0,2,typo,aggressive,1,0,-0.9997086775313382,positive_audit_confirmed,-0.9278509841925637,-0.07185769333877445,0.07185769333877445
665360,0,2,typo,aggressive,1,0,-0.9575557233818716,positive_audit_confirmed,-0.45624529755631515,-0.5013104258255564,0.5013104258255564
819967,2,2,typo,aggressive,1,0,-0.9177278771967662,positive_audit_confirmed,-0.6337582588351983,-0.28396961836156787,0.28396961836156787
927678,0,2,typo,aggressive,1,0,-1.0129870837261499,positive_audit_confirmed,-0.9726243263231602,-0.04036275740298967,0.04036275740298967
43461,4,2,word_deletion,none,1,0,-0.8079835256571661,positive_audit_confirmed,-0.8093513725317686,0.001367846874602452,0.001367846874602452
58105,0,2,word_deletion,none,1,0,-0.9221883726574329,positive_audit_confirmed,-0.9160110456461823,-0.006177327011250622,0.006177327011250622
267733,0,2,word_deletion,none,1,0,-0.9236477037801012,positive_audit_confirmed,-0.9278509841925637,0.00420328041246254,0.00420328041246254
665360,0,2,word_deletion,none,1,0,-0.46335072611540973,positive_audit_confirmed,-0.45624529755631515,-0.007105428559094573,0.007105428559094573
819967,2,2,word_deletion,none,1,0,-0.6482438988288514,positive_audit_confirmed,-0.6337582588351983,-0.014485639993653043,0.014485639993653043
927678,0,2,word_deletion,none,1,0,-0.9692914964953724,positive_audit_confirmed,-0.9726243263231602,0.00333282982778782,0.00333282982778782
43461,4,2,word_deletion,minimal,1,0,-0.8079835256571661,positive_audit_confirmed,-0.8093513725317686,0.001367846874602452,0.001367846874602452
58105,0,2,word_deletion,minimal,1,0,-0.9221883726574329,positive_audit_confirmed,-0.9160110456461823,-0.006177327011250622,0.006177327011250622
267733,0,2,word_deletion,minimal,1,0,-0.9236477037801012,positive_audit_confirmed,-0.9278509841925637,0.00420328041246254,0.00420328041246254
665360,0,2,word_deletion,minimal,1,0,-0.46335072611540973,positive_audit_confirmed,-0.45624529755631515,-0.007105428559094573,0.007105428559094573
819967,2,2,word_deletion,minimal,1,0,-0.6482438988288514,positive_audit_confirmed,-0.6337582588351983,-0.014485639993653043,0.014485639993653043
927678,0,2,word_deletion,minimal,1,0,-0.9692914964953724,positive_audit_confirmed,-0.9726243263231602,0.00333282982778782,0.00333282982778782
43461,4,2,word_deletion,noise_aware,1,0,-0.8079835256571661,positive_audit_confirmed,-0.8093513725317686,0.001367846874602452,0.001367846874602452
58105,0,2,word_deletion,noise_aware,1,0,-0.9221883726574329,positive_audit_confirmed,-0.9160110456461823,-0.006177327011250622,0.006177327011250622
267733,0,2,word_deletion,noise_aware,1,0,-0.9236477037801012,positive_audit_confirmed,-0.9278509841925637,0.00420328041246254,0.00420328041246254
665360,0,2,word_deletion,noise_aware,1,0,-0.46335072611540973,positive_audit_confirmed,-0.45624529755631515,-0.007105428559094573,0.007105428559094573
819967,2,2,word_deletion,noise_aware,1,0,-0.6482438988288514,positive_audit_confirmed,-0.6337582588351983,-0.014485639993653043,0.014485639993653043
927678,0,2,word_deletion,noise_aware,1,0,-0.9692914964953724,positive_audit_confirmed,-0.9726243263231602,0.00333282982778782,0.00333282982778782
43461,4,2,word_deletion,aggressive,1,0,-0.9719847461968975,positive_audit_confirmed,-0.8093513725317686,-0.16263337366512887,0.16263337366512887
58105,0,2,word_deletion,aggressive,1,0,-0.9872201863208616,positive_audit_confirmed,-0.9160110456461823,-0.07120914067467932,0.07120914067467932
267733,0,2,word_deletion,aggressive,1,0,-0.9890161274029208,positive_audit_confirmed,-0.9278509841925637,-0.06116514321035704,0.06116514321035704
665360,0,2,word_deletion,aggressive,1,0,-0.9575557233818716,positive_audit_confirmed,-0.45624529755631515,-0.5013104258255564,0.5013104258255564
819967,2,2,word_deletion,aggressive,1,0,-0.9288274231097174,positive_audit_confirmed,-0.6337582588351983,-0.2950691642745191,0.2950691642745191
927678,0,2,word_deletion,aggressive,1,0,-1.0246717676955746,positive_audit_confirmed,-0.9726243263231602,-0.05204744137241435,0.05204744137241435
43461,4,2,filler,none,1,0,-0.823876556895409,positive_audit_confirmed,-0.8093513725317686,-0.014525184363640364,0.014525184363640364
58105,0,2,filler,none,1,0,-0.9170119598473021,positive_audit_confirmed,-0.9160110456461823,-0.0010009142011198069,0.0010009142011198069
267733,0,2,filler,none,1,0,-0.9297838878549762,positive_audit_confirmed,-0.9278509841925637,-0.0019329036624124996,0.0019329036624124996
665360,0,2,filler,none,1,0,-0.4681227796847587,positive_audit_confirmed,-0.45624529755631515,-0.011877482128443528,0.011877482128443528
819967,2,2,filler,none,1,0,-0.6622055741123094,positive_audit_confirmed,-0.6337582588351983,-0.028447315277111085,0.028447315277111085
927678,0,2,filler,none,1,0,-0.9808817215009656,positive_audit_confirmed,-0.9726243263231602,-0.008257395177805438,0.008257395177805438
43461,4,2,filler,minimal,1,0,-0.823876556895409,positive_audit_confirmed,-0.8093513725317686,-0.014525184363640364,0.014525184363640364
58105,0,2,filler,minimal,1,0,-0.9170119598473021,positive_audit_confirmed,-0.9160110456461823,-0.0010009142011198069,0.0010009142011198069
267733,0,2,filler,minimal,1,0,-0.9297838878549762,positive_audit_confirmed,-0.9278509841925637,-0.0019329036624124996,0.0019329036624124996
665360,0,2,filler,minimal,1,0,-0.4681227796847587,positive_audit_confirmed,-0.45624529755631515,-0.011877482128443528,0.011877482128443528
819967,2,2,filler,minimal,1,0,-0.6622055741123094,positive_audit_confirmed,-0.6337582588351983,-0.028447315277111085,0.028447315277111085
927678,0,2,filler,minimal,1,0,-0.9808817215009656,positive_audit_confirmed,-0.9726243263231602,-0.008257395177805438,0.008257395177805438
43461,4,2,filler,noise_aware,1,0,-0.822308672295508,positive_audit_confirmed,-0.8093513725317686,-0.012957299763739383,0.012957299763739383
58105,0,2,filler,noise_aware,1,0,-0.9147115126451151,positive_audit_confirmed,-0.9160110456461823,0.0012995330010672212,0.0012995330010672212
267733,0,2,filler,noise_aware,1,0,-0.9311604633262416,positive_audit_confirmed,-0.9278509841925637,-0.0033094791336778506,0.0033094791336778506
665360,0,2,filler,noise_aware,1,0,-0.4681227796847587,positive_audit_confirmed,-0.45624529755631515,-0.011877482128443528,0.011877482128443528
819967,2,2,filler,noise_aware,1,0,-0.6337582588351983,positive_audit_confirmed,-0.6337582588351983,0.0,0.0
927678,0,2,filler,noise_aware,1,0,-0.9808817215009656,positive_audit_confirmed,-0.9726243263231602,-0.008257395177805438,0.008257395177805438
43461,4,2,filler,aggressive,1,0,-0.9743450908976035,positive_audit_confirmed,-0.8093513725317686,-0.16499371836583487,0.16499371836583487
58105,0,2,filler,aggressive,1,0,-0.9926899187276479,positive_audit_confirmed,-0.9160110456461823,-0.07667887308146559,0.07667887308146559
267733,0,2,filler,aggressive,1,0,-0.9902510902218911,positive_audit_confirmed,-0.9278509841925637,-0.06240010602932733,0.06240010602932733
665360,0,2,filler,aggressive,1,0,-0.961993424745928,positive_audit_confirmed,-0.45624529755631515,-0.5057481271896128,0.5057481271896128
819967,2,2,filler,aggressive,1,0,-0.9177278771967662,positive_audit_confirmed,-0.6337582588351983,-0.28396961836156787,0.28396961836156787
927678,0,2,filler,aggressive,1,0,-1.0144855401738095,positive_audit_confirmed,-0.9726243263231602,-0.04186121385064934,0.04186121385064934
43461,4,2,mixed,none,1,0,-0.8251557311254332,positive_audit_confirmed,-0.8093513725317686,-0.01580435859366458,0.01580435859366458
58105,0,2,mixed,none,1,0,-0.9290426997666295,positive_audit_confirmed,-0.9160110456461823,-0.013031654120447156,0.013031654120447156
267733,0,2,mixed,none,1,0,-0.9138224125047136,positive_audit_confirmed,-0.9278509841925637,0.0140285716878501,0.0140285716878501
665360,0,2,mixed,none,1,0,-0.5069121907205129,positive_audit_confirmed,-0.45624529755631515,-0.0506668931641977,0.0506668931641977
819967,2,2,mixed,none,1,0,-0.7371061262344989,positive_audit_confirmed,-0.6337582588351983,-0.10334786739930057,0.10334786739930057
927678,0,2,mixed,none,1,0,-0.9824781165489809,positive_audit_confirmed,-0.9726243263231602,-0.009853790225820669,0.009853790225820669
43461,4,2,mixed,minimal,1,0,-0.8251557311254332,positive_audit_confirmed,-0.8093513725317686,-0.01580435859366458,0.01580435859366458
58105,0,2,mixed,minimal,1,0,-0.9290426997666295,positive_audit_confirmed,-0.9160110456461823,-0.013031654120447156,0.013031654120447156
267733,0,2,mixed,minimal,1,0,-0.9138224125047136,positive_audit_confirmed,-0.9278509841925637,0.0140285716878501,0.0140285716878501
665360,0,2,mixed,minimal,1,0,-0.5069121907205129,positive_audit_confirmed,-0.45624529755631515,-0.0506668931641977,0.0506668931641977
819967,2,2,mixed,minimal,1,0,-0.7371061262344989,positive_audit_confirmed,-0.6337582588351983,-0.10334786739930057,0.10334786739930057
927678,0,2,mixed,minimal,1,0,-0.9824781165489809,positive_audit_confirmed,-0.9726243263231602,-0.009853790225820669,0.009853790225820669
43461,4,2,mixed,noise_aware,1,0,-0.82733291582732,positive_audit_confirmed,-0.8093513725317686,-0.01798154329555146,0.01798154329555146
58105,0,2,mixed,noise_aware,1,0,-0.9281396294531145,positive_audit_confirmed,-0.9160110456461823,-0.012128583806932158,0.012128583806932158
267733,0,2,mixed,noise_aware,1,0,-0.9145804253758909,positive_audit_confirmed,-0.9278509841925637,0.013270558816672828,0.013270558816672828
665360,0,2,mixed,noise_aware,1,0,-0.5024921124186967,positive_audit_confirmed,-0.45624529755631515,-0.04624681486238158,0.04624681486238158
819967,2,2,mixed,noise_aware,1,0,-0.7188095029486077,positive_audit_confirmed,-0.6337582588351983,-0.08505124411340936,0.08505124411340936
927678,0,2,mixed,noise_aware,1,0,-0.9846790368338586,positive_audit_confirmed,-0.9726243263231602,-0.012054710510698396,0.012054710510698396
43461,4,2,mixed,aggressive,1,0,-0.937830263527818,positive_audit_confirmed,-0.8093513725317686,-0.12847889099604937,0.12847889099604937
58105,0,2,mixed,aggressive,1,0,-0.9892512668779597,positive_audit_confirmed,-0.9160110456461823,-0.07324022123177742,0.07324022123177742
267733,0,2,mixed,aggressive,1,0,-0.9792287377685253,positive_audit_confirmed,-0.9278509841925637,-0.05137775357596153,0.05137775357596153
665360,0,2,mixed,aggressive,1,0,-0.9575557233818716,positive_audit_confirmed,-0.45624529755631515,-0.5013104258255564,0.5013104258255564
819967,2,2,mixed,aggressive,1,0,-0.8848248495258402,positive_audit_confirmed,-0.6337582588351983,-0.25106659069064186,0.25106659069064186
927678,0,2,mixed,aggressive,1,0,-1.0262134916614272,positive_audit_confirmed,-0.9726243263231602,-0.053589165338266964,0.053589165338266964
